place	latitude	longitude
West Bank	19.38197	-81.39281
West Bank	19.38197	-81.39281
Dura	28.8	49.23333
Dura	28.8	49.23333
Hebron	31.52935	35.0938
Hebron	31.52935	35.0938
Tulkarem	32.31156	35.0269
Tulkarem	32.31156	35.0269
Gaza Strip	31.50161	34.46672
Gaza Strip	31.50161	34.46672
Israel	31.5	34.75
Israel	31.5	34.75
Nablus	32.22111	35.25444
Nablus	32.22111	35.25444
Red Sea	52.26682	-113.802
Red Sea	52.26682	-113.802
United States	39.76	-98.5
United States	39.76	-98.5
United Kingdom	54.75844	-2.69531
United Kingdom	54.75844	-2.69531
Yemen	15.5	47.5
Yemen	15.5	47.5
Iran	32	53
Iran	32	53
Gaza	31.50161	34.46672
Gaza	31.50161	34.46672
US	49.1	1.96667
US	49.1	1.96667
Sanaa	15.35472	44.20667
Sanaa	15.35472	44.20667
Saudi Arabia	25	45
Saudi Arabia	25	45
Aden	12.77944	45.03667
Aden	12.77944	45.03667
Tel Aviv	32.08088	34.78057
Tel Aviv	32.08088	34.78057
UK	54.75844	-2.69531
UK	54.75844	-2.69531
Palestine	31.92157	35.20329
Palestine	31.92157	35.20329
Suez Canal	29.93139	32.56278
Suez Canal	29.93139	32.56278
Africa	7.1881	21.09375
Africa	7.1881	21.09375
Marib	15.6213	46.0111
Marib	15.6213	46.0111
Middle East	33.13906	35.85869
Middle East	33.13906	35.85869
United Arab Emirates	23.75	54.5
United Arab Emirates	23.75	54.5
Turkey	39	35
Turkey	39	35
Jordan	31	36
Jordan	31	36
Qatar	25.5	51.25
Qatar	25.5	51.25
UAE	12.26667	-14.7
UAE	12.26667	-14.7
Charleston	32.77632	-79.93275
Charleston	32.77632	-79.93275
South Carolina	34.00043	-81.00009
South Carolina	34.00043	-81.00009
Gaza City	31.50161	34.46672
Gaza City	31.50161	34.46672
Doha	25.28545	51.53096
Doha	25.28545	51.53096
Hong Kong	22.27832	114.17469
Hong Kong	22.27832	114.17469
Abdullah bin Khalifa Stadium	-8.9221	29.9336
Abdullah bin Khalifa Stadium	-8.9221	29.9336
South Africa	26.5	-81
South Africa	26.5	-81
State of Palestine	30.25	79.25
State of Palestine	30.25	79.25
Lebanon	33.83333	35.83333
Lebanon	33.83333	35.83333
Hague	52.51118	-106.41859
Hague	52.51118	-106.41859
Pretoria	-25.74486	28.18783
Pretoria	-25.74486	28.18783
Uganda	1.25	32.5
Uganda	1.25	32.5
China	35	105
China	35	105
Russia	60	100
Russia	60	100
Kuwait	29.5	47.75
Kuwait	29.5	47.75
Gazas	-23.5	33
Gazas	-23.5	33
Ukraine	49	32
Ukraine	49	32
Canada	60.10867	-113.64258
Canada	60.10867	-113.64258
Montreal	45.50884	-73.58781
Montreal	45.50884	-73.58781
Milton Ontario	52.04172	-0.75583
Milton Ontario	52.04172	-0.75583
Jabalia	31.5272	34.48347
Jabalia	31.5272	34.48347
Israels	37.97986	-78.69724
Israels	37.97986	-78.69724
Ottawa	45.41117	-75.69812
Ottawa	45.41117	-75.69812
Egypt	27	30
Egypt	27	30
Rafah	31.29722	34.24357
Rafah	31.29722	34.24357
Toronto	43.70643	-79.39864
Toronto	43.70643	-79.39864
Calgary	51.05011	-114.08529
Calgary	51.05011	-114.08529
Afghanistan	33	66
Afghanistan	33	66
Austria	47.33333	13.33333
Austria	47.33333	13.33333
Australia	-25	135
Australia	-25	135
Finland	64	26
Finland	64	26
Germany	51.5	10.5
Germany	51.5	10.5
Italy	42.83333	12.83333
Italy	42.83333	12.83333
Japan	35.68536	139.75309
Japan	35.68536	139.75309
Netherlands	52.25	5.75
Netherlands	52.25	5.75
Iceland	65	-18
Iceland	65	-18
Sweden	62	15
Sweden	62	15
Switzerland	47.00016	8.01427
Switzerland	47.00016	8.01427
Romania	46	25
Romania	46	25
Washington DC	47.50012	-120.50147
Washington DC	47.50012	-120.50147
Jerusalem	31.76904	35.21633
Jerusalem	31.76904	35.21633
Gretna	41.14083	-96.23974
Gretna	41.14083	-96.23974
Louisiana	31.00047	-92.0004
Louisiana	31.00047	-92.0004
New Orleans	29.95465	-90.07507
New Orleans	29.95465	-90.07507
Highway 60	40.11189	-87.73915
Highway 60	40.11189	-87.73915
MirandaCleland	NA	NA
East Jerusalem	31.78336	35.23388
East Jerusalem	31.78336	35.23388
Scotland	56	-4
Scotland	56	-4
Ireland	53	-8
Ireland	53	-8
Norway	62	10
Norway	62	10
October7	NA	NA
Syria	35	38
Syria	35	38
Jenin	32.45943	35.30086
Jenin	32.45943	35.30086
Beit Iksa	31.5464	34.49514
Beit Iksa	31.5464	34.49514
Ramallah	31.89964	35.20422
Ramallah	31.89964	35.20422
Abwein	32.03144	35.19992
Abwein	32.03144	35.19992
Qalqilya	32.18583	35.06583
Qalqilya	32.18583	35.06583
Jericho	31.86667	35.45
Jericho	31.86667	35.45
Yemens	NA	NA
Bahrain	26.03333	50.55
Bahrain	26.03333	50.55
Denmark	56	10
Denmark	56	10
New Zealand	-42	174
New Zealand	-42	174
South Korea	36.5	127.75
South Korea	36.5	127.75
Spain	40	-4
Spain	40	-4
France	46	2
France	46	2
Belgium	50.75	4.5
Belgium	50.75	4.5
Czech Republic	49.75	15
Czech Republic	49.75	15
Hungary	47	20
Hungary	47	20
Berlin	52.52437	13.41053
Berlin	52.52437	13.41053
Paris	48.85341	2.3488
Paris	48.85341	2.3488
Slovenia	46.08333	15
Slovenia	46.08333	15
Brussels	50.85045	4.34878
Brussels	50.85045	4.34878
carogennez	NA	NA
Belgiums	NA	NA
Flanders	51	4.5
Flanders	51	4.5
Wallonia	50.5	4.75
Wallonia	50.5	4.75
Ein alHilweh	32.62899	34.94483
Ein alHilweh	32.62899	34.94483
Basel	47.55839	7.57327
Basel	47.55839	7.57327
Ofer	32.62257	34.98302
Ofer	32.62257	34.98302
Jordan Valley	42.97404	-117.0543
Jordan Valley	42.97404	-117.0543
Area C	-25.55132	-54.61622
Area C	-25.55132	-54.61622
Kadris	NA	NA
alJiftlik	NA	NA
Farsiya	35.95584	42.96643
Farsiya	35.95584	42.96643
Makhoul	33.40788	37.3558
Makhoul	33.40788	37.3558
Tubas	32.32091	35.36989
Tubas	32.32091	35.36989
Umm Zuka	32.27071	35.51239
Umm Zuka	32.27071	35.51239
Areas A	-16.39889	-71.535
Areas A	-16.39889	-71.535
Beirut	33.89332	35.50157
Beirut	33.89332	35.50157
Washington	47.50012	-120.50147
Washington	47.50012	-120.50147
Kerman	30.28321	57.07879
Kerman	30.28321	57.07879
Islamic Republic	32	53
Islamic Republic	32	53
Nur Shams	51.1801	71.44598
Nur Shams	51.1801	71.44598
Naqoura	33.11806	35.13972
Naqoura	33.11806	35.13972
Deir elBalah	35.33588	40.14084
Deir elBalah	35.33588	40.14084
Nuseirat	31.44861	34.3925
Nuseirat	31.44861	34.3925
DC	38.91706	-77.00025
DC	38.91706	-77.00025
America	26.0173	-104.41406
America	26.0173	-104.41406
Strip	-27.51667	27.05
Strip	-27.51667	27.05
West	42.77268	-116.9579
West	42.77268	-116.9579
Tel Avivs	32.08088	34.78057
Tel Avivs	32.08088	34.78057
London	51.50853	-0.12574
London	51.50853	-0.12574
Tel Israels	31.24864	34.86007
Tel Israels	31.24864	34.86007
South Africas	26.5	-81
South Africas	26.5	-81
Myanmar	21	96
Myanmar	21	96
Kuala Lumpur	3.1412	101.68653
Kuala Lumpur	3.1412	101.68653
Malaysia	2.5	112.5
Malaysia	2.5	112.5
Indonesias	NA	NA
Jakarta	-6.21462	106.84513
Jakarta	-6.21462	106.84513
Johannesburg	-26.20227	28.04363
Johannesburg	-26.20227	28.04363
Vienna	48.20849	16.37208
Vienna	48.20849	16.37208
Amman	31.95522	35.94503
Amman	31.95522	35.94503
Bank Junction	53.74594	-113.53532
Bank Junction	53.74594	-113.53532
Manchester	42.99564	-71.45479
Manchester	42.99564	-71.45479
India	22	79
India	22	79
Hyderabad	17.38405	78.45636
Hyderabad	17.38405	78.45636
Colombos Kollupitiya	NA	NA
Farhana	NA	NA
Khan Younis	31.34018	34.30627
Khan Younis	31.34018	34.30627
Abudaqa	NA	NA
Dahiyeh	NA	NA
Beiruts Shatila	NA	NA
Earth	0	0
Earth	0	0
Lama Khater	9.55111	1.18611
Lama Khater	9.55111	1.18611
Kiryat Arba	33.20733	35.57212
Kiryat Arba	33.20733	35.57212
Hasharon Prison	34.50771	-85.31265
Hasharon Prison	34.50771	-85.31265
Damon Prison	46.94481	-124.11628
Damon Prison	46.94481	-124.11628
Ofer Prison	37.97663	-114.04498
Ofer Prison	37.97663	-114.04498
Britain	54	-2
Britain	54	-2
Republic of Yemen	24	121
Republic of Yemen	24	121
Hodeidah	14.79781	42.95452
Hodeidah	14.79781	42.95452
Saada	16.94021	43.76393
Saada	16.94021	43.76393
Taiz	13.57952	44.02091
Taiz	13.57952	44.02091
Hajjah	15.69425	43.60582
Hajjah	15.69425	43.60582
Europe	48.69096	9.14062
Europe	48.69096	9.14062
Asia	29.84064	89.29688
Asia	29.84064	89.29688
Sudan	16	30
Sudan	16	30
Iraq	33	44
Iraq	33	44
Syrias Aleppo	NA	NA
Mariupol	47.09514	37.54131
Mariupol	47.09514	37.54131
Dublin	53.33306	-6.24889
Dublin	53.33306	-6.24889
Moscow	55.75222	37.61556
Moscow	55.75222	37.61556
Global South	-34.98943	138.51674
Global South	-34.98943	138.51674
Beiruts	NA	NA
Hezbollahs	NA	NA
Arura	9.8694	76.30498
Arura	9.8694	76.30498
Deir Qaddis	35.33588	40.14084
Deir Qaddis	35.33588	40.14084
El Arish	31.13159	33.79844
El Arish	31.13159	33.79844
Hostage Square	41.81704	-71.42228
Hostage Square	41.81704	-71.42228
Hamass	NA	NA
Aizawl	23.72894	92.71791
Aizawl	23.72894	92.71791
Manipur	25	94
Manipur	25	94
Kangpokpi	25.15114	93.9695
Kangpokpi	25.15114	93.9695
Mizoram	23	93
Mizoram	23	93
Mizorams	NA	NA
Kingdom of Judah	20.75028	-156.50028
Kingdom of Judah	20.75028	-156.50028
Anu Museum	42.66667	24.68333
Anu Museum	42.66667	24.68333
Bnei Menashe	32.08074	34.8338
Bnei Menashe	32.08074	34.8338
Kolasib	24.22388	92.67869
Kolasib	24.22388	92.67869
Bethlehem	40.62593	-75.37046
Bethlehem	40.62593	-75.37046
Nairoukh	NA	NA
Shawawra	NA	NA
Tehran	35.69439	51.42151
Tehran	35.69439	51.42151
X	19.22364	-70.53051
X	19.22364	-70.53051
Spain	40	-4
Spain	40	-4
Madrid	40.4165	-3.70256
Madrid	40.4165	-3.70256
Oman	21	57
Oman	21	57
Gulf	-7.7246	145.08545
Gulf	-7.7246	145.08545
White House	18.10275	-77.95697
White House	18.10275	-77.95697
Bani Suheila	31.34337	34.32337
Bani Suheila	31.34337	34.32337
alFukhari	NA	NA
Damascus	33.5102	36.29128
Damascus	33.5102	36.29128
alAssad Airbase	33.7856	42.4411
alAssad Airbase	33.7856	42.4411
Baghdad	33.34058	44.40088
Baghdad	33.34058	44.40088
Near East	17.97421	-76.80663
Near East	17.97421	-76.80663
Serbia	44.81892	20.45998
Serbia	44.81892	20.45998
BosniaHerzegovina	NA	NA
Srebrenica	44.10748	19.29669
Srebrenica	44.10748	19.29669
Algeria	28	3
Algeria	28	3
Frances	-36.71667	140.96667
Frances	-36.71667	140.96667
State of Israel	20.5	84.41667
State of Israel	20.5	84.41667
Gazas Deir elBalah	31.41667	34.33333
Gazas Deir elBalah	31.41667	34.33333
Egypts El Arish International Airport	9.5145	44.08444
Egypts El Arish International Airport	9.5145	44.08444
MoTaz	NA	NA
azaizamotaz9	NA	NA
Yugoslavia	44	19.75
Yugoslavia	44	19.75
Ocean Jazz	-10	70
Ocean Jazz	-10	70
Gulf of Aden	12	48
Gulf of Aden	12	48
Philippines	13.40882	122.56155
Philippines	13.40882	122.56155
Bab elMandeb	12.60416	43.33557
Bab elMandeb	12.60416	43.33557
Cape of Good Hope	37.52777	-108.02785
Cape of Good Hope	37.52777	-108.02785
Pakistan	30	70
Pakistan	30	70
Erbil	36.19117	44.00943
Erbil	36.19117	44.00943
Pakistans Balochistan province	41.22825	33.15674
Pakistans Balochistan province	41.22825	33.15674
Irans SistanBaluchestan province	NA	NA
Irans	NA	NA
Rask	29.49114	57.18543
Rask	29.49114	57.18543
SistanBaluchestan	NA	NA
Strait of Hormuz	26.56667	56.25
Strait of Hormuz	26.56667	56.25
Persian Gulf	27	51
Persian Gulf	27	51
Davos	46.80429	9.83723
Davos	46.80429	9.83723
Balochistan	28.47849	65.64355
Balochistan	28.47849	65.64355
Netanyahus	NA	NA
Supernova	NA	NA
Houthis	NA	NA
BabelMandeb Strait	6.8127	122.0236
BabelMandeb Strait	6.8127	122.0236
Dhamar	14.54274	44.40514
Dhamar	14.54274	44.40514
alBayda	18.86139	42.07078
alBayda	18.86139	42.07078
Arabian Sea	25	45
Arabian Sea	25	45
Bab alMandeb Strait	30.73222	56.7175
Bab alMandeb Strait	30.73222	56.7175
Khan Younis Training Centre	35.95111	68.71492
Khan Younis Training Centre	35.95111	68.71492
alKarama	NA	NA
Beruit	NA	NA
Lebanons	NA	NA
United Nations	41.13387	-104.75802
United Nations	41.13387	-104.75802
Yemens coast	NA	NA
Maghazi	31.42234	34.38501
Maghazi	31.42234	34.38501
Manchester City	42.99564	-71.45479
Manchester City	42.99564	-71.45479
Barcelona	41.38879	2.15899
Barcelona	41.38879	2.15899
Chile	-30	-71
Chile	-30	-71
Mexico	23	-102
Mexico	23	-102
Chiles	0.81691	-77.93693
Chiles	0.81691	-77.93693
Santiago	-33.45694	-70.64827
Santiago	-33.45694	-70.64827
Bangladesh	24	90
Bangladesh	24	90
Bolivia	-17	-65
Bolivia	-17	-65
Comoros	-12.23333	44.44553
Comoros	-12.23333	44.44553
Djibouti	11.83333	42.5
Djibouti	11.83333	42.5
Kaplan Square	35.77237	-78.71306
Kaplan Square	35.77237	-78.71306
Haifa	32.81841	34.9885
Haifa	32.81841	34.9885
Caesarea	38.73222	35.48528
Caesarea	38.73222	35.48528
Kefar Sava	32.175	34.90694
Kefar Sava	32.175	34.90694
Rehovot	31.89421	34.81199
Rehovot	31.89421	34.81199
Beersheba	31.25181	34.7913
Beersheba	31.25181	34.7913
AlAmal Hospital	37.76295	-122.25407
AlAmal Hospital	37.76295	-122.25407
Khan Yunis	31.34018	34.30627
Khan Yunis	31.34018	34.30627
Nasser Hospital	30.06667	31.3
Nasser Hospital	30.06667	31.3
Mawasi	32.48133	68.85529
Mawasi	32.48133	68.85529
Dearborn	42.32226	-83.17631
Dearborn	42.32226	-83.17631
Michigan	44.25029	-85.50033
Michigan	44.25029	-85.50033
Chicago	41.85003	-87.65005
Chicago	41.85003	-87.65005
New Delhi	28.62137	77.2148
New Delhi	28.62137	77.2148
Indias Basmati	37.38469	-5.99304
Indias Basmati	37.38469	-5.99304
North America	46.07323	-100.54688
North America	46.07323	-100.54688
North Africa	32.95337	9.97559
North Africa	32.95337	9.97559
AlAqsa Martyrs Hospital	30.05724	31.2951
AlAqsa Martyrs Hospital	30.05724	31.2951
alShifa	NA	NA
Welchs	30.23604	-92.82265
Welchs	30.23604	-92.82265
Kampala	0.31628	32.58219
Kampala	0.31628	32.58219
Ugandas	NA	NA
Indonesia	-5	120
Indonesia	-5	120
Peru	-10	-75.25
Peru	-10	-75.25
Colombia	4	-73.25
Colombia	4	-73.25
South Sudan	7.5	30
South Sudan	7.5	30
Swaziland	-26.5	31.5
Swaziland	-26.5	31.5
Lisbon	38.71667	-9.13333
Lisbon	38.71667	-9.13333
Portugal	39.6945	-8.13057
Portugal	39.6945	-8.13057
Meron	32.9878	35.44087
Meron	32.9878	35.44087
Kiryat Shmona	33.20733	35.57212
Kiryat Shmona	33.20733	35.57212
Blue Line	40.88291	-123.98395
Blue Line	40.88291	-123.98395
Singapore	1.36667	103.8
Singapore	1.36667	103.8
Mediterranean	35.78	19.33
Mediterranean	35.78	19.33
Indian Ocean	-10	70
Indian Ocean	-10	70
Bahaa elDin Abu Ras	33.53699	36.31307
Bahaa elDin Abu Ras	33.53699	36.31307
Bahaas	NA	NA
Abdullah Azzam Mosque	-8.9221	29.9336
Abdullah Azzam Mosque	-8.9221	29.9336
Marshall Islands	7.113	171.236
Marshall Islands	7.113	171.236
Morocco	28.5	-10
Morocco	28.5	-10
Rabat	34.01325	-6.83255
Rabat	34.01325	-6.83255
Western Sahara	10.01211	105.83224
Western Sahara	10.01211	105.83224
Marrakesh	31.63416	-7.99994
Marrakesh	31.63416	-7.99994
Moroccos	NA	NA
Maghreb	30	5
Maghreb	30	5
alWalaja	NA	NA
Gilo	-7.45	-40.83333
Gilo	-7.45	-40.83333
Har Gilo	31.72119	35.1724
Har Gilo	31.72119	35.1724
Education City Stadium	38.7635	-95.0041
Education City Stadium	38.7635	-95.0041
Al Rayyan	25.29194	51.42444
Al Rayyan	25.29194	51.42444
Qatars	NA	NA
Salah alDin Street	34.5	43.65
Salah alDin Street	34.5	43.65
Wadi Gaza	15	21.5
Wadi Gaza	15	21.5
Bosnia	44	18
Bosnia	44	18
Sri Lanka	7.75	80.75
Sri Lanka	7.75	80.75
Republic of South Africa	7	21
Republic of South Africa	7	21
AlAqsa Mosque	31.77614	35.23549
AlAqsa Mosque	31.77614	35.23549
PA	12.66667	-3.95
PA	12.66667	-3.95
Oslo	59.91273	10.74609
Oslo	59.91273	10.74609
Cairo	30.06263	31.24967
Cairo	30.06263	31.24967
New York	40.71427	-74.00597
New York	40.71427	-74.00597
Belarus	53	28
Belarus	53	28
Ebel elSaqi	33.35667	35.62639
Ebel elSaqi	33.35667	35.62639
Entebbe Uganda	0.04239	32.4435
Entebbe Uganda	0.04239	32.4435
Sierra Leone	8.5	-11.5
Sierra Leone	8.5	-11.5
DRC	-17.98192	20.76806
DRC	-17.98192	20.76806
adoniaayebare	NA	NA
Namibia	-22	17
Namibia	-22	17
Shadis	NA	NA
Khreiss	NA	NA
Northern Gaza	54.77535	-105.64453
Northern Gaza	54.77535	-105.64453
Malta	35.91667	14.43333
Malta	35.91667	14.43333
Gulf of Oman	8.5	79
Gulf of Oman	8.5	79
Ankara	39.91987	32.85427
Ankara	39.91987	32.85427
Aqaba	29.52667	35.00778
Aqaba	29.52667	35.00778
California	37.25022	-119.75126
California	37.25022	-119.75126
Panjgur	26.75	64
Panjgur	26.75	64
SistanBaluchestan province	28.5	60.5
SistanBaluchestan province	28.5	60.5
Islamabad	33.72148	73.04329
Islamabad	33.72148	73.04329
Islamic Republic of Iran	32	53
Islamic Republic of Iran	32	53
RepJayapal	NA	NA
RepCori	NA	NA
BasedMikeLee	NA	NA
Texas	31.25044	-99.25061
Texas	31.25044	-99.25061
Republic of Korea	24	121
Republic of Korea	24	121
Libya	28	17
Libya	28	17
Kosovo	42.58333	20.91667
Kosovo	42.58333	20.91667
Sabra	34.83042	-1.547
Sabra	34.83042	-1.547
Shatila	42.65879	45.15632
Shatila	42.65879	45.15632
Kyiv	50.45466	30.5238
Kyiv	50.45466	30.5238
alShifa Hospital	37.76295	-122.25407
alShifa Hospital	37.76295	-122.25407
Somalia	6	48
Somalia	6	48
Yemens Red Sea	43.22368	-76.73856
Yemens Red Sea	43.22368	-76.73856
Washingtons	41.88734	-123.79979
Washingtons	41.88734	-123.79979
Rawaas	NA	NA
alMawasi district	14.3656	44.7778
alMawasi district	14.3656	44.7778
El Amal City Hospital	32.893	0.54839
El Amal City Hospital	32.893	0.54839
Ibn Sina Hospital	32.08086	20.0612
Ibn Sina Hospital	32.08086	20.0612
alAhli Arab Hospital	36.32365	-76.21842
alAhli Arab Hospital	36.32365	-76.21842
Cameroon	6	12.5
Cameroon	6	12.5
Iron Dome	-7.82463	-79.2839
Iron Dome	-7.82463	-79.2839
alAhli	NA	NA
Egypts Sinai Peninsula	30.0275	31.765
Egypts Sinai Peninsula	30.0275	31.765
Philadelphi	NA	NA
Karem Abu Salem	30.486	31.60823
Karem Abu Salem	30.486	31.60823
Kerem Shalom	31.22777	34.28459
Kerem Shalom	31.22777	34.28459
Greece	39	22
Greece	39	22
Dubai	25.07725	55.30927
Dubai	25.07725	55.30927
Bab alMandeb	12.60416	43.33557
Bab alMandeb	12.60416	43.33557
Yemens southern coast	NA	NA
Riyadh	24.68773	46.72185
Riyadh	24.68773	46.72185
Yaroun	33.08028	35.4225
Yaroun	33.08028	35.4225
Lebanons Nabatieh	NA	NA
Yiron	33.07757	35.4546
Yiron	33.07757	35.4546
Avivim	33.08892	35.47228
Avivim	33.08892	35.47228
Israels Goren	41.68181	-70.27889
Israels Goren	41.68181	-70.27889
Palestine Martyrs Cemetery	31.81333	-95.65255
Palestine Martyrs Cemetery	31.81333	-95.65255
Herzegovina	43	17.83333
Herzegovina	43	17.83333
Montenegro	42.75	19.25
Montenegro	42.75	19.25
Silicon Valley	37.37	-122.04
Silicon Valley	37.37	-122.04
Beit Shemesh	31.73072	34.99293
Beit Shemesh	31.73072	34.99293
Santa Clara	22.40694	-79.96472
Santa Clara	22.40694	-79.96472
West Banks	19.38333	-71.21667
West Banks	19.38333	-71.21667
Moldova	47.25	28.58333
Moldova	47.25	28.58333
Bern	46.94809	7.44744
Bern	46.94809	7.44744
Zurich	47.36667	8.55
Zurich	47.36667	8.55
Netivot	31.42305	34.58911
Netivot	31.42305	34.58911
IsraelPalestine	NA	NA
alDabshah	NA	NA
Khirbet Selm	33.22931	35.42407
Khirbet Selm	33.22931	35.42407
Bint Jbeil	33.11944	35.43333
Bint Jbeil	33.11944	35.43333
Ibil El Saqi	33.35667	35.62639
Ibil El Saqi	33.35667	35.62639
alTawils	NA	NA
alKhader	NA	NA
Bekaa Valley	33.83333	36
Bekaa Valley	33.83333	36
Litani River	3.3	-54.1
Litani River	3.3	-54.1
alMazraa Asharqiya	NA	NA
Masjid Omar mosque	16.36667	35.33333
Masjid Omar mosque	16.36667	35.33333
Harvey	41.61003	-87.64671
Harvey	41.61003	-87.64671
Tawfiq	33.01842	44.38071
Tawfiq	33.01842	44.38071
Road 60	18.42693	-64.62079
Road 60	18.42693	-64.62079
New York City	40.71427	-74.00597
New York City	40.71427	-74.00597
Middle East Eye	33.13906	35.85869
Middle East Eye	33.13906	35.85869
Al Maniya	41	20
Al Maniya	41	20
WestBank	49.83521	-119.62532
WestBank	49.83521	-119.62532
Thameen Darby	NA	NA
Nakba Layer	NA	NA
Mercator	NA	NA
Alaska	64.00028	-150.00028
Alaska	64.00028	-150.00028
South America	-14.60485	-57.65625
South America	-14.60485	-57.65625
AsiaPacific	NA	NA
Golan Heights	32.90485	35.80725
Golan Heights	32.90485	35.80725
Crimea	45	34
Crimea	45	34
South China Sea	51.53782	0.71433
South China Sea	51.53782	0.71433
Vietnam	16.16667	107.83333
Vietnam	16.16667	107.83333
Kashmir	30.33315	63.19089
Kashmir	30.33315	63.19089
Darbys Nakba	33.75004	-85.76147
Darbys Nakba	33.75004	-85.76147
Gaza strip	31.50161	34.46672
Gaza strip	31.50161	34.46672
Gaza Strips	31.50161	34.46672
Gaza Strips	31.50161	34.46672
NaksBilal	NA	NA
Beit Lahiya	31.5464	34.49514
Beit Lahiya	31.5464	34.49514
alMazraa	NA	NA
Mediterranean Sea	35.78	19.33
Mediterranean Sea	35.78	19.33
Ajaq	35.64005	48.84628
Ajaq	35.64005	48.84628
Silwad	31.97625	35.2613
Silwad	31.97625	35.2613
Ras Issa	34.11528	35.72278
Ras Issa	34.11528	35.72278
Hodeidah province	20.75	-75.91667
Hodeidah province	20.75	-75.91667
Rohtak	28.89447	76.58917
Rohtak	28.89447	76.58917
Haryana	29.25	76.33333
Haryana	29.25	76.33333
Uttar Pradesh	27.25	80.75
Uttar Pradesh	27.25	80.75
Lucknow	26.83928	80.92313
Lucknow	26.83928	80.92313
UP	43.62841	6.22477
UP	43.62841	6.22477
Bihar	25.75	85.75
Bihar	25.75	85.75
West Bengal	19.38333	-71.21667
West Bengal	19.38333	-71.21667
Benarasiyaa	NA	NA
Haryanas Panipat	NA	NA
Thailand	15.5	101
Thailand	15.5	101
Middle Eastern	33.13906	35.85869
Middle Eastern	33.13906	35.85869
Haryanas Jind	NA	NA
Palestinian Territories	31.92157	35.20329
Palestinian Territories	31.92157	35.20329
Ansarallah	NA	NA
Tel Avivs Hostage Square	32.08414	34.79995
Tel Avivs Hostage Square	32.08414	34.79995
majedalansari	NA	NA
Kan	12.00012	8.51672
Kan	12.00012	8.51672
West Jerusalem	31.78199	35.21961
West Jerusalem	31.78199	35.21961
Egypts	NA	NA
Bab al	35.26943	69.68085
Bab al	35.26943	69.68085
Mandeb Strait	4	100
Mandeb Strait	4	100
Lod Airport	-3.48333	23.46667
Lod Airport	-3.48333	23.46667
Ben Gurion International Airport	32.01361	34.88657
Ben Gurion International Airport	32.01361	34.88657
Munich	48.13743	11.57549
Munich	48.13743	11.57549
Sidon	33.55751	35.37148
Sidon	33.55751	35.37148
Salamehs	NA	NA
alMajzoubs	NA	NA
Tunisia	34	9
Tunisia	34	9
Bir anNaaja	33.14833	35.48167
Bir anNaaja	33.14833	35.48167
Zawayda	NA	NA
Beit Hanoon	31.5353	34.53579
Beit Hanoon	31.5353	34.53579
Kamal Adwan Hospital	29.72861	65.58722
Kamal Adwan Hospital	29.72861	65.58722
La France	45.20507	5.74629
La France	45.20507	5.74629
At Tur EastJerusalem	31.12676	31.81366
At Tur EastJerusalem	31.12676	31.81366
Mediterraneans	NA	NA
Eurasia	87	80
Eurasia	87	80
Via Maris	47.87844	27.16671
Via Maris	47.87844	27.16671
Heliopolis	36.50361	7.44278
Heliopolis	36.50361	7.44278
Gazas Great Omari Mosque	52.61244	1.72054
Gazas Great Omari Mosque	52.61244	1.72054
Jalaa Street	53.34284	-6.29197
Jalaa Street	53.34284	-6.29197
alFawakhir	NA	NA
Rafah Museum	37.7642	-122.439
Rafah Museum	37.7642	-122.439
Al Qarara Museum	31.32192	47.085
Al Qarara Museum	31.32192	47.085
Khan Younis Museum	31.34018	34.30627
Khan Younis Museum	31.34018	34.30627
Levant	34	36
Levant	34	36
Mathaf alFunduq	33.35167	44.40389
Mathaf alFunduq	33.35167	44.40389
Mathaf Hotel	-22.52488	141.31578
Mathaf Hotel	-22.52488	141.31578
Qasr AlBasha	36.21216	37.83756
Qasr AlBasha	36.21216	37.83756
Pashas Palace	34.58787	68.95091
Pashas Palace	34.58787	68.95091
Rashad El Shawa Cultural Center	34.02668	-118.20591
Rashad El Shawa Cultural Center	34.02668	-118.20591
Library of the Great Omari Mosque	-37.81408	144.95813
Library of the Great Omari Mosque	-37.81408	144.95813
Omari Mosque	32.83089	68.51905
Omari Mosque	32.83089	68.51905
HMML Reading Room	NA	NA
Othman bin Qashqar Mosque	32.21544	35.27651
Othman bin Qashqar Mosque	32.21544	35.27651
Gaza Citys Zeitoun	35.65832	65.18016
Gaza Citys Zeitoun	35.65832	65.18016
Sayed alHashim Mosque	32.92036	69.43642
Sayed alHashim Mosque	32.92036	69.43642
Old City of Gaza	38.53998	-109.49567
Old City of Gaza	38.53998	-109.49567
Mecca	21.42664	39.82563
Mecca	21.42664	39.82563
Gazas Daraj	31.41667	34.33333
Gazas Daraj	31.41667	34.33333
Great Omari Mosque	44.57143	-84.69022
Great Omari Mosque	44.57143	-84.69022
AlMasjid alOmari alKabir	35.13444	36.74545
AlMasjid alOmari alKabir	35.13444	36.74545
St John the Baptist Cathedral	30.12646	-90.47088
St John the Baptist Cathedral	30.12646	-90.47088
Byzantine Church of Jabalia	40.51923	21.26841
Byzantine Church of Jabalia	40.51923	21.26841
Byzantium	41.01384	28.94966
Byzantium	41.01384	28.94966
Monastery of Saint Hilarion	38.69789	-9.2067
Monastery of Saint Hilarion	38.69789	-9.2067
Tell Umm Amer	32.43083	37.62278
Tell Umm Amer	32.43083	37.62278
Zeitoun	34.06222	35.68528
Zeitoun	34.06222	35.68528
Saint Porphyrius	49.45981	-2.53527
Saint Porphyrius	49.45981	-2.53527
Katib alWilaya Mosque	30.72106	32.4198
Katib alWilaya Mosque	30.72106	32.4198
Holy Family Church	48.8478	-106.2478
Holy Family Church	48.8478	-106.2478
ArdalMoharbeen	NA	NA
Roman Necropolis	45.0496	5.06602
Roman Necropolis	45.0496	5.06602
Anthedon	38.49842	23.44886
Anthedon	38.49842	23.44886
Balakhiyah	NA	NA
Tida	31.24415	30.83845
Tida	31.24415	30.83845
Hammam alSammara	36.87483	11.10837
Hammam alSammara	36.87483	11.10837
Samaritan Bathhouse	50.48748	-5.03514
Samaritan Bathhouse	50.48748	-5.03514
Israel Museum	31.5	34.75
Israel Museum	31.5	34.75
Tell elAjjul	36.53984	40.61373
Tell elAjjul	36.53984	40.61373
Calves Hill	42.27426	-71.32284
Calves Hill	42.27426	-71.32284
Gizas Great Pyramid	29.99776	31.05286
Gizas Great Pyramid	29.99776	31.05286
Cyprus	35.00304	32.98791
Cyprus	35.00304	32.98791
Khan Younis caravanserai	31.35	34.3
Khan Younis caravanserai	31.35	34.3
Deir elBalah Cemetery	33.55722	36.00972
Deir elBalah Cemetery	33.55722	36.00972
Daraj	33.24567	59.54541
Daraj	33.24567	59.54541
Ahmadiyyah Zawiya	NA	NA
alSabeen Square	40.63917	-73.99444
alSabeen Square	40.63917	-73.99444
Seychelles	-4.58333	55.66667
Seychelles	-4.58333	55.66667
Bab alMandeb strait	30.73222	56.7175
Bab alMandeb strait	30.73222	56.7175
Maldives	3.2	73
Maldives	3.2	73
Columbia	4	-73.25
Columbia	4	-73.25
Istanbul	41.01384	28.94966
Istanbul	41.01384	28.94966
Crete	35.15585	24.89502
Crete	35.15585	24.89502
Vahdettin Mansion	39.1099	-94.4186
Vahdettin Mansion	39.1099	-94.4186
Bureij	31.43944	34.40306
Bureij	31.43944	34.40306
alMahatta	NA	NA
Mozambique	-18.25	35
Mozambique	-18.25	35
Bulgaria	42.66667	25.25
Bulgaria	42.66667	25.25
Al Jazeeras	14.6	33.35
Al Jazeeras	14.6	33.35
alMawasi	NA	NA
Iraqs	NA	NA
Idlib	35.93062	36.63393
Idlib	35.93062	36.63393
Detroit	42.33143	-83.04575
Detroit	42.33143	-83.04575
Southeast Michigan	43.96102	-83.71087
Southeast Michigan	43.96102	-83.71087
Arab America	25	45
Arab America	25	45
Jarrah	24.05	54.1
Jarrah	24.05	54.1
Wayne County	-36.75	175
Wayne County	-36.75	175
Minnesota	46.25024	-94.25055
Minnesota	46.25024	-94.25055
Des Moines	41.60054	-93.60911
Des Moines	41.60054	-93.60911
Iowa	42.00027	-93.50049
Iowa	42.00027	-93.50049
Cedar Rapids	42.00833	-91.64407
Cedar Rapids	42.00833	-91.64407
Iowa City	41.66113	-91.53017
Iowa City	41.66113	-91.53017
South Asia	21.28937	78.66211
South Asia	21.28937	78.66211
Florida	28.75054	-82.5001
Florida	28.75054	-82.5001
New Yorks Ellis Island	29.80929	-89.70759
New Yorks Ellis Island	29.80929	-89.70759
Ohio	40.25034	-83.00018
Ohio	40.25034	-83.00018
Shujayea	NA	NA
Dahiyeb	NA	NA
alArouris	NA	NA
Aroura	38.92219	-111.93409
Aroura	38.92219	-111.93409
alArouri	NA	NA
alAqsa Martyrs Hospital	30.05724	31.2951
alAqsa Martyrs Hospital	30.05724	31.2951
alMughraqa	NA	NA
alMaghazi	NA	NA
Maghazi Roads	43.84258	-68.88115
Maghazi Roads	43.84258	-68.88115
Deir alBalah	31.41834	34.34933
Deir alBalah	31.41834	34.34933
Houthi	NA	NA
Tower 22	56.00417	-120.58472
Tower 22	56.00417	-120.58472
Jordans	51.61495	-0.59197
Jordans	51.61495	-0.59197
alTanf	NA	NA
BaghdadDamascus highway	42.6192	-82.67352
BaghdadDamascus highway	42.6192	-82.67352
Hashemite Kingdom of Jordan	31	36
Hashemite Kingdom of Jordan	31	36
Ain alAssad	35.01829	-5.86683
Ain alAssad	35.01829	-5.86683
Dahiya	8.0264	80.533
Dahiya	8.0264	80.533
Jamaa Islamiya	35.46804	-5.70106
Jamaa Islamiya	35.46804	-5.70106
Westminster Bridge	51.50089	-0.12184
Westminster Bridge	51.50089	-0.12184
Gazas AlAqsa Hospital	30.34456	-81.66203
Gazas AlAqsa Hospital	30.34456	-81.66203
Geneva	46.20222	6.14569
Geneva	46.20222	6.14569
Gaza city	31.50161	34.46672
Gaza city	31.50161	34.46672
Ashdod	31.79213	34.64966
Ashdod	31.79213	34.64966
Karem Abu Salem crossing	28.52242	30.66552
Karem Abu Salem crossing	28.52242	30.66552
Hebrew	NA	NA
Mackinac Island	43.68897	-70.2331
Mackinac Island	43.68897	-70.2331
Great Lakes	26.50687	127.94581
Great Lakes	26.50687	127.94581
Lake Michigan	44.00778	-86.75698
Lake Michigan	44.00778	-86.75698
Beit Nabala	31.5464	34.49514
Beit Nabala	31.5464	34.49514
Syrias Damascus	NA	NA
Syrias	NA	NA
Mazzeh	NA	NA
Borj el Barajneh	33.84347	35.49874
Borj el Barajneh	33.84347	35.49874
Ain alAsad	35.01829	-5.86683
Ain alAsad	35.01829	-5.86683
West Beirut	51.48653	-0.40583
West Beirut	51.48653	-0.40583
Beiruts Hamra	32.49724	20.79427
Beiruts Hamra	32.49724	20.79427
Hamras	NA	NA
Hamra	31.81088	-8.27151
Hamra	31.81088	-8.27151
West Beirutis	19.38333	-71.21667
West Beirutis	19.38333	-71.21667
Dabbouch	NA	NA
East Beirut	37.02332	-77.36954
East Beirut	37.02332	-77.36954
Israels Haifa	41.68181	-70.27889
Israels Haifa	41.68181	-70.27889
Estonia	59	26
Estonia	59	26
Bab elMandeb strait	12.60416	43.33557
Bab elMandeb strait	12.60416	43.33557
Maersk Hangzhou	NA	NA
Southern Red Sea	21.28937	78.66211
Southern Red Sea	21.28937	78.66211
Africas Cape of Good Hope	42.3601	-71.06588
Africas Cape of Good Hope	42.3601	-71.06588
Eastern Mediterranean	39.42657	41.23464
Eastern Mediterranean	39.42657	41.23464
BabelMandeb strait	6.8127	122.0236
BabelMandeb strait	6.8127	122.0236
Red Sea Port	42.51006	-70.84769
Red Sea Port	42.51006	-70.84769
Eilat	29.55805	34.94821
Eilat	29.55805	34.94821
Dead Sea	44.86777	-73.62391
Dead Sea	44.86777	-73.62391
Eastern Mediterranean region	39.42657	41.23464
Eastern Mediterranean region	39.42657	41.23464
Hamoud	15.64004	-11.51864
Hamoud	15.64004	-11.51864
Burj alBarajneh	33.84222	35.50528
Burj alBarajneh	33.84222	35.50528
Taalbaya	NA	NA
Rashidiya	25.22499	55.38947
Rashidiya	25.22499	55.38947
Erbil Airport	36.19117	44.00943
Erbil Airport	36.19117	44.00943
Maroun El Ras	33.10381	35.4444
Maroun El Ras	33.10381	35.4444
Rmeish	NA	NA
Port of Ashdod	10.66668	-61.51889
Port of Ashdod	10.66668	-61.51889
Miraj	16.8671	74.70146
Miraj	16.8671	74.70146
Tal alHawa	-36.72494	-73.11684
Tal alHawa	-36.72494	-73.11684
zarahsultana	NA	NA
Gisha	-1.744	29.9586
Gisha	-1.744	29.9586
Bani Naim	15.88333	43.78333
Bani Naim	15.88333	43.78333
Raanana	32.1836	34.87386
Raanana	32.1836	34.87386
Sderot	31.525	34.59693
Sderot	31.525	34.59693
Nir Am	31.51959	34.58006
Nir Am	31.51959	34.58006
Mefalsim	31.50125	34.5637
Mefalsim	31.50125	34.5637
Hanita	33.08746	35.17364
Hanita	33.08746	35.17364
Mattat	33.04134	35.35858
Mattat	33.04134	35.35858
Margaliot	NA	NA
Adamit	33.07971	35.21103
Adamit	33.07971	35.21103
Zarit	33.09955	35.2889
Zarit	33.09955	35.2889
Malkia	60.75482	24.06197
Malkia	60.75482	24.06197
Yassins house	51.52074	-0.14282
Yassins house	51.52074	-0.14282
Daouds house	50.62211	-4.38488
Daouds house	50.62211	-4.38488
Pentagon	38.87095	-77.05526
Pentagon	38.87095	-77.05526
Jordan River	31	36
Jordan River	31	36
Alborz	36.01117	50.80956
Alborz	36.01117	50.80956
Bab alMandab	12.60416	43.33557
Bab alMandab	12.60416	43.33557
Southern Africa	-27.11781	22.28027
Southern Africa	-27.11781	22.28027
Venezuela	8	-66
Venezuela	8	-66
Hormuz	27.5026	54.2839
Hormuz	27.5026	54.2839
Arabian Gulf	26.35058	50.16805
Arabian Gulf	26.35058	50.16805
Kanaker	40.22302	44.53986
Kanaker	40.22302	44.53986
Sarit	35.47569	71.45229
Sarit	35.47569	71.45229
Aleppo	36.20124	37.16117
Aleppo	36.20124	37.16117
TomWhiteGaza	NA	NA
Nasser Medical Complex	36.69647	-121.63227
Nasser Medical Complex	36.69647	-121.63227
El Amal Hospital	34.60583	36.04889
El Amal Hospital	34.60583	36.04889
Entebbe	0.05621	32.47949
Entebbe	0.05621	32.47949
Central Gaza Strip	-2.02107	24.69727
Central Gaza Strip	-2.02107	24.69727
European Gaza Hospital	55	40
European Gaza Hospital	55	40
AlAqsa	NA	NA
Al Aqsa Hospital	31.77614	35.23549
Al Aqsa Hospital	31.77614	35.23549
Syrias Golan Heights	36.28562	-92.26543
Syrias Golan Heights	36.28562	-92.26543
Kurdistan	37	44
Kurdistan	37	44
Panjgur Pakistans Balochistan province	41.22825	33.15674
Panjgur Pakistans Balochistan province	41.22825	33.15674
RedSea	NA	NA
Chinas	23.85674	-99.45203
Chinas	23.85674	-99.45203
Walla	-2.85662	33.32102
Walla	-2.85662	33.32102
Rwanda	-2	30
Rwanda	-2	30
East Timor	-8.83333	125.75
East Timor	-8.83333	125.75
Kabul	34.52813	69.17233
Kabul	34.52813	69.17233
azZahra	19.11437	41.91694
azZahra	19.11437	41.91694
alRashid road	14.71033	79.98879
alRashid road	14.71033	79.98879
Hamad	31.40307	48.45684
Hamad	31.40307	48.45684
State of Qatar	25.5	51.25
State of Qatar	25.5	51.25
QFFD	NA	NA
Melbourne Australia	-37.67333	144.84333
Melbourne Australia	-37.67333	144.84333
Port of Melbourne	10.66668	-61.51889
Port of Melbourne	10.66668	-61.51889
Victorian International Container Terminal	48.64721	-123.42716
Victorian International Container Terminal	48.64721	-123.42716
Melbourne	-37.814	144.96332
Melbourne	-37.814	144.96332
Sandridge Beach	-37.83931	144.91747
Sandridge Beach	-37.83931	144.91747
ZIM Ganges	45.06873	-83.54131
ZIM Ganges	45.06873	-83.54131
Australias	NA	NA
Port Melbourne	4.77742	7.0134
Port Melbourne	4.77742	7.0134
Sydney	-33.86785	151.20732
Sydney	-33.86785	151.20732
Brisbane	-27.46794	153.02809
Brisbane	-27.46794	153.02809
northGaza	NA	NA
Palestine_UN	NA	NA
Taiz province	13.5	44
Taiz province	13.5	44
AlBayda	18.86139	42.07078
AlBayda	18.86139	42.07078
Dena	28.44289	90.28327
Dena	28.44289	90.28327
Oakland	37.80437	-122.2708
Oakland	37.80437	-122.2708
Akrotiri	36.35796	25.3976
Akrotiri	36.35796	25.3976
Limassol	34.68406	33.03794
Limassol	34.68406	33.03794
Pashias	NA	NA
Israels Nevatim airbase	39.49343	-77.33137
Israels Nevatim airbase	39.49343	-77.33137
Anadolu	39	35
Anadolu	39	35
Nevatim	31.22417	34.88098
Nevatim	31.22417	34.88098
Ben Gurion airport	32.01361	34.88657
Ben Gurion airport	32.01361	34.88657
Republic of Cyprus	24	121
Republic of Cyprus	24	121
Dhekelia	35.01667	33.775
Dhekelia	35.01667	33.775
USA	39.76	-98.5
USA	39.76	-98.5
League of Arab States	29.75634	-94.97187
League of Arab States	29.75634	-94.97187
Palestine Mosque Square	31.81333	-95.65255
Palestine Mosque Square	31.81333	-95.65255
Abu Youssef Al Najjar Hospital	24.43297	54.65114
Abu Youssef Al Najjar Hospital	24.43297	54.65114
alSaftawi	NA	NA
AlFukhari	NA	NA
alAmal	31.39064	37.3146
alAmal	31.39064	37.3146
alNasser	NA	NA
alKatiba	NA	NA
Harun arRashid school	-5.72373	112.67913
Harun arRashid school	-5.72373	112.67913
Block 109	17.41642	96.24285
Block 109	17.41642	96.24285
Cape Town	-33.92584	18.42322
Cape Town	-33.92584	18.42322
South Africansfrom	38.02807	-97.94033
South Africansfrom	38.02807	-97.94033
Africa4Palestine	NA	NA
Western Cape province	40.64575	-79.91382
Western Cape province	40.64575	-79.91382
Paltel	32.08712	35.18388
Paltel	32.08712	35.18388
Jawwal	NA	NA
Salem	44.9429	-123.0351
Salem	44.9429	-123.0351
Copenhagen	55.67594	12.56553
Copenhagen	55.67594	12.56553
